id,nom,pays,ville,code_fifa
1,AC Ajaccio,France,Ajaccio,FRA
2,AC Amiens,France,Amiens,FRA
3,AC Arles-Avignon,France,Arles,FRA
4,AC Carpi,Italie,Carpi,ITA
5,AC Chievo Verone,Italie,Verone,ITA
6,AC Milan,Italie,Milan,ITA
7,AC Pouzauges Réaumur,France,Réaumur,FRA
8,AC Sparta Prague,République Tchèque,Prague,CZE
9,Académie Sportive Moulins Football,France,Moulins,FRA
10,ACF Fiorentina,Italie,Florence,ITA
11,AEK Athènes,Grèce,Athènes,GRE
12,AEK Larnaca,Chypre,Larcana,CYP
13,AFC Astra Giurgiu,Roumanie,Giurgiu,ROU
14,AFC Bournemouth,Angleterre,Bournemouth,ENG
15,AFC Compiègne,France,Compiègne,FRA
16,AFC Creil,France,Creil,FRA
17,AGL Drapeau Fougères Football,France,Fougères,FRA
18,AJ Auxerre,France,Auxerre,FRA
19,Ajax Amsterdam,Pays-Bas,Amsterdam,NED
20,Akhisarspor,Turquie,Akhisar,TUR
21,Amiens SC,France,Amiens,FRA
22,Andrézieux-Bouthéon FC,France,Andrézieux-Bouthéon,FRA
23,Angers SCO,France,Angers,FRA
24,Ankaraspor Kulübü,Turquie,Ankara,TUR
25,APM Metz FC,France,Metz,FRA
26,APOEL Nicosie,Chypre,Nicosie,CYP
27,Apollon Limassol FC,Chypre,Limassol,CYP
28,Arsenal FC,Angleterre,Londres,ENG
29,AS Aixe-Sur-Vienne,France,Aixe-sur-Vienne,FRA
30,AS Beauvais Oise,France,Beauvais,FRA
31,AS Béziers,France,Béziers,FRA
32,AS Clouange,France,Clouange,FRA
33,AS de Saint-Pantaleon de Larche,France,Saint-Pantaléon-de-Larche,FRA
34,AS Dragon,France,Papeete,FRA
35,AS Erstein,France,Erstein,FRA
36,AS Etaples Football,France,Étaples,FRA
37,AS Excelsior,France,Saint-Joseph,FRA
38,AS Frontignan AC,France,Frontignan,FRA
39,AS Jumeaux,France,Bouéni,FRA
40,AS Magenta Nickel,France,Nouméa,FRA
41,AS Marck,France,Marck,FRA
42,AS Misérieux Trévoux,France,Misérieux-Trévoux,FRA
43,AS Monaco,France,Monaco,FRA
44,AS Muret Football,France,Muret,FRA
45,AS Nancy Lorraine,France,Nancy,FRA
46,AS Pagny-Sur-Moselle,France,Pagny-Sur-Moselle,FRA
47,AS Panazol Football,France,Panazol,FRA
48,AS Pirae,France,Pirae,FRA
49,AS Poissy,France,Poissy,FRA
50,AS Réding,France,Réding,FRA
51,AS Rome,Italie,Rome,ITA
52,AS Saint-Etienne,France,Saint-Étienne,FRA
53,AS Saint-Ouen-l'Aumône,France,Saint-Ouen-l'Aumône,FRA
54,AS Saint-Priest ,France,Saint-Priest,FRA
55,AS Savigneux Montbrison,France,Savigneux,FRA
56,AS Steenvoorde,France,Steenvoorde,FRA
57,AS Vitré,France,Vitré,FRA
58,AS Yzeure Auvergne,France,Yzeure,FRA
59,ASC Agouado,France,Apatou,FRA
60,ASC Le Gledar de Kourou,France,Kourou,FRA
61,ASM Belfort,France,Belfort,FRA
62,ASPTT Brest,France,Brest,FRA
63,ASPTT-Cholet,France,Cholet,FRA
64,Asteras Tripolis,Grèce,Tripoli,GRE
65,Aston Villa FC,Angleterre,Birmingham,ENG
66,Atalanta Bergame,Italie,Bergame,ITA
67,Athletic Club,Espagne,Bilbao,ESP
68,Athlético Marseille,France,Marseille,FRA
69,Aviron Bayonnais,France,Bayonne,FRA
70,Avoine OL Chinon Cinais,France,Avoine,FRA
71,AZ Alkmaar,Pays-Bas,Alkmaar,NLD
72,Balma SC,France,Balma,FRA
73,Bayer 04 Leverkusen,Allemagne,Leverkusen,GER
74,Bergerac Perigord FC,France,Bergerac,FRA
75,Berner Sport Club Young Boys,Suisse,Berne,SUI
76,Berre FC,France,Berre,FRA
77,Besançon FC,France,Besançon,FRA
78,Besançon Racing,France,Besançon,FRA
79,Besiktas JK,Turquie,Istanbul,TUR
80,Biarritz Olympique,France,Biarritz,FRA
81,Blagnac FC,France,Blagnac,FRA
82,Blanc-Mesnil Sport Football,France,Blanc-Mesnil,FRA
83,Blois Foot 41,France,Blois,FRA
84,Bologne FC 1909,Italie,Bologne,ITA
85,Borussia Dortmund,Allemagne,Dortmund,GER
86,Borussia Monchengladbach,Allemagne,Mönchengladbach,GER
87,Bourges 18,France,Bourges,FRA
88,Bourges FC,France,Bourges,FRA
89,Bourges Foot,France,Bourges,FRA
90,Burnley FC,Angleterre,Burnley,ENG
91,CA Bastia,France,Bastia,FRA
92,CA Osasuna,Espagne,Pampelune,ESP
93,CA Pontarlier,France,Pontarlier,FRA
94,Cagliari Calcio,Italie,Cagliari,ITA
95,Canet Roussillon FC,France,Canet-en-Roussillon,FRA
96,CD Leganés,Espagne,Leganés,ESP
97,Celtic FC,Ecosse,Glasgow,SCO
98,CEP Palavas,France,Palavas-les-Flots,FRA
99,Cercle Paul Bert Bréquigny Football,France,Rennes,FRA
100,CF Os Belenenses,Portugal,Lisbonne,POR
101,Chamois Niortais FC,France,Niort,FRA
102,Champigny FC 94,France,Champigny-sur-Marne,FRA
103,Chasselay,France,Chasselay,FRA
104,Chassieu Decines FC,France,Chassieu,FRA
105,Chaumont FC,France,Chaumont,FRA
106,Chelsea FC,Angleterre,Londres,ENG
107,Claye Souilly Sports,France,Claye-Souilly,FRA
108,Clermont Foot 63,France,Clermont-Ferrand,FRA
109,Club Athlétique Maurienne Football,France,Saint-Jean-de-Maurienne,FRA
110,Club Atlético de Madrid,Espagne,Madrid,ESP
111,Club Brugge KV,Belgique,Bruges,BEL
112,Club Franciscain,France,Le François,FRA
113,Club Municipal Sportif Oissel,France,Oissel,FRA
114,Club Sportif de Volvic,France,Volvic,FRA
115,Club Sportif Moulien,France,Moule,FRA
116,Cluses-Scionzier FC,France,Cluses,FRA
117,Côte Chaude Sporting Saint-Etienne,France,Saint-Étienne,FRA
118,Crystal Palace FC,Angleterre,Londres,ENG
119,CS Avion,France,Avion,FRA
120,CS Brétigny Football,France,Brétigny,FRA
121,CS Homécourt,France,Homécourt,FRA
122,CS Mainvilliers Football,France,Mainvilliers,FRA
123,CS Sedan Ardennes,France,Sedan,FRA
124,CSKA Moscou,Russie,Moscou,RUS
125,Delfino Pescara 1936,Italie,Pescara,ITA
126,Deportivo Alavès,Espagne,Vitoria-Gasteiz,ESP
127,Deportivo La Corogne,Espagne,La Corogne,ESP
128,Dijon FCO,France,Dijon,FRA
129,Dundalk FC,Irlande,Dundalk,IRL
130,Dynamo Kiev,Ukraine,Kiev,UKR
131,ÉFC Fréjus-Saint-Raphaël,France,Fréjus,FRA
132,Eintracht Frankfort,Allemagne,Francfort-sur-le-Main,GER
133,Empoli FC,Italie,Empoli,ITA
134,En Avant de Guingamp,France,Guingamp,FRA
135,En Avant Saint-Renan,France,Saint-Renan,FRA
136,Entente Centre Ornain,France,Ligny En Barrois,FRA
137,Entente Feignies Aulnoye FC,France,Feignies-Aulnoye,FRA
138,Entente Sannois Saint-Gratien,France,Sannois-Saint-Gratien,FRA
139,Entente Sportive de Viry-Chatillon,France,Viry-Chatillon,FRA
140,Entente Sportive Guérétoise,France,Guéret,FRA
141,Entente Sportive La Rochelle,France,La Rochelle,FRA
142,Entente Sportive Municipale De Gonfreville-Orcher,France,Gonfreville,FRA
143,ES Bonchamp les Laval,France,Bonchamp-lès-Laval,FRA
144,ES Cheminots Longueau,France,Longueau,FRA
145,ES Parisiennes,France,Paris,FRA
146,ESTAC Troyes,France,Troyes,FRA
147,Etoile de Morne-à-l'Eau,France,Morne-à-l'Eau,FRA
148,Étoile Filante Iracoubo,France,Iracoubo,FRA
149,Etoile Rouge de Belgrade,Serbie,Belgrade,SRB
150,Etoile Sportive Paulhan Pezenas,France,Paulhan,FRA
151,Everton FC,Angleterre,Liverpool,ENG
152,F91 Dudelange,Luxembourg,Dudelange,LUX
153,FA Le Cendre,France,Le Cendre,FRA
154,FC Ailly-Sur-Somme Samara,France,Ailly-Sur-Somme,FRA
155,FC Annecy,France,Annecy,FRA
156,FC Augsbourg,Allemagne,Augsbourg,GER
157,FC Balagne,France,Île-Rousse,FRA
158,FC Bâle,Suisse,Bâle,SUI
159,FC Barcelone,Espagne,Barcelone,ESP
160,FC Bassin d'Arcachon,France,Arcachon,FRA
161,FC Bayern Munich,Allemagne,Munich,GER
162,FC Bords De Saône,France,Parcieux,FRA
163,FC Borgo,France,Borgo,FRA
164,FC Bourgoin-Jallieu,France,Bourgoin-Jallieu,FRA
165,FC Bourg-Péronnas,France,Bourg-en-Bresse,FRA
166,FC Canet,France,Canet-en-Roussillon,FRA
167,FC Challans,France,Challans,FRA
168,FC Chambéry,France,Chambéry,FRA
169,FC Chambly Oise,France,Chambly,FRA
170,FC Club 93 Bobigny-Bagnolet-Gagny,France,Bobigny,FRA
171,FC Cologne,Allemagne,Cologne,GER
172,FC Copenhague,Danemark,Copenhague,DEN
173,FC Crotone,Italie,Crotone,ITA
174,FC Dahlenheim,France,Dahlenheim,FRA
175,FC du Mantois 78,France,Mantes-la-Ville,FRA
176,FC Echirolles,France,Echirolles,FRA
177,FC Espaly Saint-Marcel,France,Espaly Saint-Marcel,FRA
178,FC Etoile Schirrhein-Schirrhoffen,France,Schirrhein,FRA
179,FC Groningue,Pays-Bas,Groningue,NED
180,FC Ingolstadt 04,Allemagne,Ingolstadt,GER
181,FC Istres,France,Istres,FRA
182,FC Kronenbourg Strasbourg,France,Strasbourg,FRA
183,FC La Chapelle Montgermont,France,La Chapelle-des-Fougeretz,FRA
184,FC Limonest Dardilly Saint-Didier,France,Saint-Didier,FRA
185,FC Lorient,France,Lorient,FRA
186,FC Lunéville,France,Lunéville,FRA
187,FC Martigues,France,Martigues,FRA
188,FC Metz,France,Metz,FRA
189,FC Midtjylland,Danemark,Herning,DEN
190,FC Montceau Bourgogne,France,Montceau-les-Mines,FRA
191,FC Mtsapéré,France,Mamoudzou,FRA
192,FC Mulhouse,France,Mulhouse,FRA
193,FC Municipal Aubervilliers,France,Aubervilliers,FRA
194,FC Nantes,France,Nantes,FRA
195,FC Nord 17,France,Marans,FRA
196,FC Pontcharra Saint-Loup,France,Pontcharra-sur-Turdine,FRA
197,FC Porto,Portugal,Porto,POR
198,FC Rhône Vallées,France,La-Voulte-Sur-Rhône,FRA
199,FC Rouen,France,Rouen,FRA
200,FC Rousset Sainte-Victoire,France,Rousset,FRA
201,FC Saint-Lô Manche,France,Saint-Lô,FRA
202,FC Saint-Louis Neuweug,France,Saint-Louis,FRA
203,FC Saint-Saturnin,France,Saint-Saturnin,FRA
204,FC Sarrebourg,France,Sarrebourg,FRA
205,FC Schalke 04,Allemagne,Schalke,GER
206,FC Sens,France,Sens,FRA
207,FC Sète 34,France,Sète,FRA
208,FC Séville,Espagne,Séville,ESP
209,FC Sheriff Tiraspol,Moldavie,Tiraspol,MDA
210,FC Sion,Suisse,Sion,SUI
211,FC Slovacko,République Tchèque,Uherské Hradiště,CZE
212,FC Slovan Liberec,République Tchèque,Liberec,CZE
213,FC Sochaux-Montbéliard,France,Sochaux,FRA
214,FC Soleil Bischheim,France,Bischheim,FRA
215,FC Spartak Trnava,Slovaquie,Trnava,SVK
216,FC Utrecht,Pays-Bas,Utrecht,NED
217,FC Vaulx-en-Velin,France,Vaulx-en-Velin,FRA
218,FC Versailles 78,France,Versailles,FRA
219,FC Veyle Saône,France,Veyle Saône,FRA
220,FC Viktoria Plzen,République Tchèque,Plzen,CZE
221,FC Villefranche,France,Villefranche-sur-Mer,FRA
222,FC Villefranche Beaujolais,France,Villefranche-sur-Saône,FRA
223,FC Zurich,Suisse,Zurich,SUI
224,FCSR Haguenau,France,Haguenau,FRA
225,Fehérvár FC,Hongrie,Székesfehérvár,HUN
226,Fenerbahçe SK,Turquie,Istanbul,TUR
227,Ferencváros TC,Hongrie,Budapest,HON
228,Feyenoord Rotterdam,Pays-Bas,Rotterdam,NED
229,FK Astana,Kazakhstan,Astana,KAZ
230,FK Austria Vienne,Autriche,Vienne,AUT
231,FK BATE Borisov,Biélorussie,Baryssaw,BLR
232,FK Bodo/Glimt,Norvège,Bodø,NOR
233,FK Dinamo Minsk,Biélorussie,Minsk,BLR
234,FK Dnipro,Ukraine,Dnipro,UKR
235,FK Jablonec,République Tchèque,Jablonec nad Nisou,CZE
236,FK Kairat Almaty,Kazakhstan,Almaty,KAZ
237,FK Krasnodar,Russie,Krasnodar,RUS
238,FK Partizan Belgrade,Serbie,Belgrade,SRB
239,FK Qabala,Azerbaïdjan,Qabala,AZE
240,FK Rostov,Russie,Rostov-sur-le-Don,RUS
241,FK Rubin Kazan,Russie,Kazan,RUS
242,Fleury 91 FC,France,Fleury-Mérogis,FRA
243,Fotbal Club FCSB,Roumanie,Bucarest,ROU
244,Frosinone Calcio,Italie,Frosinone,ITA
245,FSV Mayence 05,Allemagne,Mayence,GER
246,Galatasaray SK,Turquie,Istanbul,TUR
247,Garde Saint-Ivy Pontivy,France,Pontivy,FRA
248,GAS Notre Dâme de Reun Guipavas,France,Guipavas,FRA
249,Gazélec Ajaccio,France,Ajaccio,FRA
250,Genoa CFC,Italie,Gênes,ITA
251,Getafe CF,Espagne,Getafe,ESP
252,Girondins de Bordeaux,France,Bordeaux,FRA
253,GNK Dinamo Zagreb,Croatie,Zagreb,CRO
254,Go Ahead Eagles,Pays-Bas,Deventer,NED
255,GOAL FC,France,Lyon,FRA
256,Golden Lion FC,France,Saint-Joseph,FRA
257,Golden Star de Fort-de-France,France,Fort-de-France,FRA
258,Granada CF,Espagne,Grenade,ESP
259,Grand-Quevilly FC,France,Grand-Quevilly,FRA
260,Grenoble Foot 38,France,Grenoble,FRA
261,Hambourg SV,Allemagne,Hambourg,GER
262,Hanovre 96,Allemagne,Hanovre,GER
263,Hapoël Beer-Sheva FC,Israël,Beer-Sheva,ISR
264,Hauts Lyonnais,France,Lyon,FRA
265,Hellas Verone FC,Italie,Verone,ITA
266,Hertha BSC,Allemagne,Berlin,GER
267,Hienghene Sport,France,Hienghene,FRA
268,Hull City AFC,Angleterre,Kingston upon Hull,ENG
269,Hyères FC,France,Hyères,FRA
270,Inter Milan,Italie,Milan,ITA
271,Iris Club de Croix,France,Croix,FRA
272,Is Selongey Football,France,Is-sur-Tille,FRA
273,Jarville Jeunes Section Football,France,Jarville-la-Malgrange,FRA
274,Jeanne D'Arc de Biarritz,France,Biarritz,FRA
275,Jeanne d'Arc de Drancy,France,Drancy,FRA
276,JS Saint Pierroise,France,Saint-Pierre,FRA
277,JS Saint-Nicolas d'Aliermont,France,Saint-Nicolas-d'Aliermont,FRA
278,Jura Sud Foot,France,Chassal-Molinges,FRA
279,Juventus FC,Italie,Turin,ITA
280,KAA La Gantoise,Belgique,Gand,BEL
281,KF Skenderbeu Korçë,Albanie,Korçë,ALB
282,Konyaspor,Turquie,Konya,TUR
283,KRC Genk,Belgique,Genk,BEL
284,La Suze-Roëzé FC,France,La Suze-sur-Sarthe,FRA
285,LB Châteauroux,France,Châteauroux,FRA
286,Le Havre AC,France,Le Havre,FRA
287,Le Mans FC,France,Le Mans,FRA
288,Le Mée Sports,France,Le Mée-sur-Seine,FRA
289,Lech Poznan,Pologne,Poznan,POL
290,Legia Varsovie,Pologne,Varsovie,POL
291,Leicester City FC,Angleterre,Leicester,ENG
292,L'Ernéenne,France,Ernée,FRA
293,Les Genêts d'Anglet,France,Anglet,FRA
294,Levante Unión Deportiva,Espagne,Valence,ESP
295,Libourne FA,France,Libourne,FRA
296,Lille OSC,France,Lille,FRA
297,Limoges Football,France,Limoges,FRA
298,Liverpool FC,Angleterre,Liverpool,ENG
299,Lokomotiv Moscou,Russie,Moscou,RUS
300,Louhans-Cuiseaux FC,France,Louhans-Cuiseaux,FRA
301,Luc Primaube FC,France,Luc-La-Primaube,FRA
302,Luçon FC,France,Luçon,FRA
303,Lyon La Duchère,France,Lyon,FRA
304,Maccabi de Paris UJA,France,Paris,FRA
305,Maccabi Haïfa FC,Israël,Haïfa,ISR
306,Maccabi Tel Aviv FC,Israël,Tel Aviv,ISR
307,Málaga CF,Espagne,Málaga,ESP
308,Malmö FF,Suède,Malmö,SWE
309,Manchester City FC,Angleterre,Manchester,ENG
310,Manchester United FC,Angleterre,Manchester,ENG
311,Middlesbrough FC,Angleterre,Middlesbrough,ENG
312,Molde FK,Norvège,Molde,NOR
313,Montauban FC Tarn-et-Garonne,France,Montauban,FRA
314,Montpellier HSC,France,Montpellier,FRA
315,Moulins Yzeure Foot,France,Yzeure,FRA
316,Newcastle United FC,Angleterre,Newcastle,ENG
317,Nîmes Olympique,France,Nîmes,FRA
318,Norwich City FC,Angleterre,Norwich,ENG
319,Nottingham Forest FC,Angleterre,Nottingham,ENG
320,OGC Nice,France,Nice,FRA
321,Olympiakos,Grèce,Athènes,GRE
322,Olympique Alès En Cévennes,France,Alès,FRA
323,Olympique Charleville Prix Ardenne Métropole,France,Prix-Les-Mezières,FRA
324,Olympique de Marseille,France,Marseille,FRA
325,Olympique de Noisy-le-Sec banlieue 93,France,Noisy Le Sec,FRA
326,Olympique Léodgarien Niort Saint-Liguaire,France,Niort,FRA
327,Olympique Lyonnais,France,Lyon,FRA
328,Olympique Marcquois Football,France,Marcq-En-Baroeul,FRA
329,Olympique Pavillais,France,Pavilly,FRA
330,Olympique Saint-Marcellin,France,Saint-Marcellin,FRA
331,Orvault RC,France,Orvault,FRA
332,Pafos FC,Chypre,Pafos,CYP
333,Palerme FC,Italie,Palerme,ITA
334,Panathinaïkos,Grèce,Athènes,GRE
335,PAOK Salonique,Grèce,Thessalonique,GRE
336,Paris FC,France,Paris,FRA
337,Paris Saint Germain,France,Paris,FRA
338,Pau FC,France,Pau,FRA
339,Perpignan Football Catalan,France,Perpignan,FRA
340,PFK Ludogorets Razgrad,Bulgarie,Razgrad,BUL
341,Phare du Canal,France,Petit Canal,FRA
342,Ploufragan FC,France,Ploufragan,FRA
343,Plouzané ACF,France,Plouzané,FRA
344,Poissy FC,France,Poissy,FRA
345,PSV Eindhoven,Pays-Bas,Eindhoven,NLD
346,Qarabag FK,Azerbaidjan,Agdam,AZE
347,Rangers FC,Ecosse,Glasgow,SCO
348,Rapid Vienne,Autriche,Vienne,AUT
349,Rayo Vallecano de Madrid,Espagne,Madrid,ESP
350,RB Leipzig,Allemagne,Leipzig,GER
351,RC Epernay Champagne,France,Epernay,FRA
352,RC Lens,France,Lens,FRA
353,RC Rannée-La Guerche-Drouges,France,La Guerche-de-Bretagne,FRA
354,RC Strasbourg Alsace,France,Strasbourg,FRA
355,RCD Espanyol de Barcelona,Espagne,Barcelone,ESP
356,Real Betis Balompié,Espagne,Séville,ESP
357,Real Club Celta de Vigo,Espagne,Vigo,ESP
358,Real Madrid CF,Espagne,Madrid,ESP
359,Real Sociedad de Fútbol,Espagne,Saint-Sébastien,ESP
360,Real Sporting de Gijón,Espagne,Gijón,ESP
361,Red Bull Salzbourg,Autriche,Salzbourg,AUT
362,Red Star FC 93,France,Paris,FRA
363,Reims Sainte-Anne,France,Reims,FRA
364,Renaissance Sportive Magny,France,Metz,FRA
365,Riviera FC,France,Saint-Jean-Cap-Ferrat,FRA
366,Rodez Aveyron Football,France,Rodez,FRA
367,Rosenborg BK,Norvège,Trondheim,NOR
368,Rostrenen FC,France,Rostrenen,FRA
369,Royal Union Saint-Gilloise,Belgique,Saint-Gilles,BEL
370,RSC Anderlecht,Belgique,Anderlecht,BEL
371,SA Sézanne,France,Sézanne,FRA
372,Saint-Amand FC,France,Saint-Amand-les-Eaux,FRA
373,Saint-Colomban Sportive Locminé,France,Locminé,FRA
374,Sainte-Geneviève FC,France,Sainte-Geneviève-des-Bois,FRA
375,Saint-Jean Beaulieu,France,Saint-Jean Beaulieu,FRA
376,Saint-Nazaire AF,France,Saint-Nazaire,FRA
377,Sarpsborg 08 FF,Norvège,Sparsborg,NOR
378,Sarreguemines FC,France,Sarreguemines,FRA
379,SAS Épinal,France,Epinal,FRA
380,Saumur OFC,France,Saumur,FRA
381,SC Bastia,France,Bastia,FRA
382,SC Braga,Portugal,Braga,POR
383,SC Dinsheim,France,Dinsheim,FRA
384,SC Douai,France,Douai,FRA
385,SC Ebersheim,France,Ebersheim,FRA
386,SC Fribourg,Allemagne,Fribourg,GER
387,SC Hazebrouckois,France,Hazebrouck,FRA
388,SC Schiltigheim,France,Schiltigheim,FRA
389,SC Toulon,France,Toulon,FRA
390,Shakhtar Donetsk,Ukraine,Donetsk,UKR
391,SK Brann,Norvège,Bergen,NOR
392,SK Sturm Graz,Autriche,Graz,AUT
393,SL Benfica,Portugal,Lisbonne,POR
394,Slavia Prague,République Tchèque,Prague,CZE
395,SO Cholet,France,Cholet,FRA
396,SO Romorantin,France,Romorantin-Lanthenay,FRA
397,Sociedad Deportiva Eibar,Espagne,Eibar,ESP
398,Southampton FC,Angleterre,Southampton,ENG
399,Spartak Moscou,Russie,Moscou,RUS
400,Sport Union Dives-Cabourg,France,Cabourg,FRA
401,Sporting CP,Portugal,Lisbonne,POR
402,Sports Athlétiques Thiernois,France,Thiers,FRA
403,Sports Réunis Saint-Dié Kellermann,France,Saint-Dié-Des-Vosges,FRA
404,SR Colmar,France,Colmar,FRA
405,SR Kayserberg,France,Kaysersberg,FRA
406,SS Lazio,Italie,Rome,ITA
407,SSC Naples,Italie,Naples,ITA
408,Stade Balarucois,France,Balaruc-les-Bains,FRA
409,Stade Béthunois FC,France,Béthune,FRA
410,Stade Bordelais ASPTT Football,France,Bordeaux,FRA
411,Stade Brestois 29,France,Brest,FRA
412,Stade Briochin,France,Saint-Brieuc,FRA
413,Stade de Reims,France,Reims,FRA
414,Stade Lavallois Mayenne FC,France,Laval,FRA
415,Stade Malherbe Caen,France,Caen,FRA
416,Stade Montois Football,France,Mont-De-Marsan,FRA
417,Stade Paimpolais FC,France,Paimpol,FRA
418,Stade Plabennécois,France,Plabennec,FRA
419,Stade Poitevin FC,France,Poitiers,FRA
420,Stade Pontivyen,France,Pontivy,FRA
421,Stade Portelois,France,Le Portel,FRA
422,Stade Rennais,France,Rennes,FRA
423,Standard de Liège,Belgique,Liège,BEL
424,Stoke City FC,Angleterre,Stoke,ENG
425,Sunderland AFC,Angleterre,Sunderland,ENG
426,SV Darmstadt 98,Allemagne,Darmstadt,GER
427,Swansea City AFC,Angleterre,Swansea,ENG
428,TA Rennes Football,France,Rennes,FRA
429,Tarbes Pyrénées Football,France,Tarbes,FRA
430,Thonon Évian Grand Genève FC,France,Thonon-les-Bains,FRA
431,Torino FC,Italie,Turin,ITA
432,Tottenham Hotspur,Angleterre,Londres,ENG
433,Toulouse FC,France,Toulouse,FRA
434,Toulouse Rodéo Football,France,Toulouse,FRA
435,Toulouse Saint-Jo FC,France,Toulouse,FRA
436,Tours FC,France,Tours,FRA
437,Trabzonspor,Turquie,Trabzon,TUR
438,Trélissac-Antonne Périgord FC,France,Trélissac,FRA
439,TSG 1899 Hoffenheim,Allemagne,Sinsheim-Hoffenheim,GER
440,TVEC 85 Les Sables d'Olonne,France,Les Sables-d'Olonne,FRA
441,UA Niort Saint-Florent,France,Niort,FRA
442,UC Sampdoria,Italie,Gênes,ITA
443,Udinese Calcio,Italie,Udinese,ITA
444,UF Belleville Saint-Jean d'Ardières,France,Belleville-en-Beaujolais,FRA
445,UF Maconnais,France,Mâcon,FRA
446,UMS Montélimar,France,Montélimar,FRA
447,Unión Deportiva Las Palmas,Espagne,Las Palmas de Gran Canaria,ESP
448,US Alençonnaise 61,France,Alençon,FRA
449,US Avranches Mont-Saint-Michel,France,Avranches,FRA
450,US Boulogne Côte d'Opale,France,Boulogne-sur-Mer,FRA
451,US Changé Football,France,Changé,FRA
452,US Chantilly,France,Chantilly,FRA
453,US Chauny,France,Chauny,FRA
454,US Colomiers Football,France,Colomiers,FRA
455,US Concarneau,France,Concarneau,FRA
456,US Créteil-Lusitanos,France,Créteil,FRA
457,US de la Sainte-Anne de Vertou,France,Vertou,FRA
458,US de Lège-Cap-Ferret,France,Lège-Cap-Ferret,FRA
459,US Du Pays De Saint-Omer,France,Saint-Omer,FRA
460,US Gières,France,Gières,FRA
461,US Granville,France,Granville,FRA
462,US La Gacilly,France,La Gacilly,FRA
463,US Liffré,France,Liffré,FRA
464,US Matoury,Guyane,Matoury,FRA
465,US Maubeuge,France,Maubeuge,FRA
466,US Moissy Cramayel,France,Moissy-Cramayel,FRA
467,US Montagnarde,France,Inzinzac-Lochrist,FRA
468,US Oberlauterbach,France,Oberlauterbach,FRA
469,US Orléans,France,Orléans,FRA
470,US Quevilly-Rouen,France,Rouen,FRA
471,US Raonnaise,France,Raon l'étape,FRA
472,US Roye Noyon,France,Roye-Noyon,FRA
473,US Sainte Marienne,France,Sainte-Marie,FRA
474,US Saint-Malo,France,Saint-Malo,FRA
475,US Saint-Maximin,France,Saint-Maximin,FRA
476,US Saint-Sauveur,France,Saint-Sauveur,FRA
477,US Saint-Sérininoise,France,Saint-Sernin-Du-Bois,FRA
478,US Sarre Union,France,Sarre Union,FRA
479,US Sassuolo Calcio,Italie,Sassuolo,ITA
480,US Vic-Le-Comte,France,Vic-Le-Comte,FRA
481,US Vimy,France,Vimy,FRA
482,USL Dunkerque,France,Dunkerque,FRA
483,Valence CF,Espagne,Valence,ESP
484,Valenciennes FC,France,Valenciennes,FRA
485,Vannes OC,France,Vannes,FRA
486,Vendée Les Herbiers Football,France,Les Herbiers,FRA
487,Vendée Poiré-sur-Vie Football,France,Le Poiré-sur-Vie,FRA
488,VfB Stuttgart,Allemagne,Stuttgart,GER
489,VfL Wolfsburg,Allemagne,Wolfsburg,GER
490,Villarreal CF,Espagne,Villareal,ESP
491,Villeneuve d'Ascq Métropole,France,Villeneuve-d'Ascq,FRA
492,Voltigeurs Castelbriantais,France,Châteaubriant,FRA
493,Vorskla Poltava,Ukraine,Poltava,UKR
494,Wasquehal FC,France,Wasquehal,FRA
495,Watford FC,Angleterre,Londres,ENG
496,Werder Brême,Allemagne,Brême,GER
497,West Bromwich Albion FC,Angleterre,West Bromwich,ENG
498,West Ham United FC,Angleterre,Londres,ENG
499,Ytrac Foot,France,Ytrac,FRA
500,Yvetot AC,France,Yvetot,FRA
501,Zénith Saint-Pétersbourg,Russie,Saint-Pétersbourg,RUS
502,Zorya Louhansk,Ukraine,Louhansk,UKR
503,AFC Telford United,Angleterre,Telford,ENG
504,AFC Wimbledon,Angleterre,Wimbledon,ENG
505,AVS Futebol SAD,Portugal,Vila das Aves,POR
506,Alemannia Aachen,Allemagne,Aix-la-Chapelle,GER
507,VfR Aalen,Allemagne,Aalen,GER
508,SC Eendracht Alost,Belgique,Alost,BEL
509,Aberdeen FC,Ecosse,Aberdeen,SCO
510,Académica,Portugal,Coimbra,POR
511,Accrington Stanley FC,Angleterre,Accrington,ENG
512,Rot-Weiss Ahlen,Allemagne,Ahlen,GER
513,Albacete Balompié,Espagne,Albacete,ESP
514,Unione Calcio AlbinoLeffe,Italie,Leffe,ITA
515,Agrupación Deportiva Alcorcón,Espagne,Alcorcón,ESP
516,Club Deportivo Alcoyano,Espagne,Alcoy,ESP
517,Aldershot Town FC,Angleterre,Aldershot,ENG
518,US Alexandrie,Italie,Alexandrie,ITA
519,Alfreton Town FC,Angleterre,Alfreton,ENG
520,Algeciras Club de Fútbol,Espagne,Algeciras,ESP
522,Almere City FC,Pays-Bas,Almere,NED
523,Unión Deportiva Almería,Espagne,Almeria,ESP
524,Altrincham FC,Angleterre,Altrincham,ENG
525,FC Alverca,Portugal,Alverca do Ribatejo,POR
526,FC Alzano,Italie,Bergame,ITA
527,SD Amorebieta,Espagne,Amorebieta-Etxano,ESP
528,Società Sportiva Calcio Ancona,Italie,Ancône,ITA
529,FC Andorra,Espagne,Andorre-la-Vieille,ESP
530,Royal Antwerp FC,Belgique,Antwerp,BEL
531,SS Arezzo,Italie,Arezzo,ITA
532,FC Arouca,Portugal,Arouca,POR
533,Ascoli Calcio 1898 FC,Italie,Ascoli Piceno,ITA
534,Athletic Club B,Espagne,Bilbao,ESP
535,Club Atlético de Madrid B,Espagne,Madrid,ESP
536,US Avellino,Italie,Avellino,ITA
537,CD Aves,Portugal,Vila das Aves,POR
538,SV Babelsberg 03,Allemagne,Potsdam,GER
539,CD Badajoz,Espagne,Badajoz,ESP
540,FC Barcelone B,Espagne,Barcelone,ESP
541,SS Calcio Bari,Italie,Bari,ITA
542,Barnet FC,Angleterre,Barnet,ENG
543,Barnsley FC,Angleterre,Barnsley,ENG
544,Barrow AFC,Angleterre,Barrow-in-Furness,ENG
545,Bath City FC,Angleterre,Twerton,ENG
546,Beerschot VA,Belgique,Anvers,BEL
547,SC Beira-Mar,Portugal,Aveiro,POR
549,Benevento Calcio,Italie,Bénévent,ITA
550,SC Union Bergen,Allemagne,Bochum,GER
551,SK Beveren,Belgique,Beveren,BEL
552,DSC Arminia Bielefeld,Allemagne,Bielefeld,GER
553,Birmingham City FC,Angleterre,Birmingham,ENG
554,Blackburn Rovers FC,Angleterre,Blackburn,ENG
555,Blackpool FC,Angleterre,Blackpool,ENG
556,Boavista FC,Portugal,Porto,POR
557,VfL Bochum,Allemagne,Bochum,GER
558,Bolton Wanderers FC,Angleterre,Bolton,ENG
559,Boreham Wood Football Club,Angleterre,Londres,ENG
560,Boston United FC,Angleterre,Boston,ENG
561,Brackley Town,Angleterre,Brackley,ENG
562,Bradford City,Angleterre,Bradford,ENG
563,Braintree Town FC,Angleterre,Braintree,ENG
564,Eintracht Brunswick,Allemagne,Brunswick,GER
565,Brentford FC,Angleterre,Brentford,ENG
566,Brescia Calcio,Italie,Brescia,ITA
567,Brighton & Hove Albion FC,Angleterre,Brighton,ENG
568,Bristol City FC,Angleterre,Bristol,ENG
569,Bristol Rovers FC,Angleterre,Bristol,ENG
570,Bromley FC,Angleterre,Bromley,ENG
571,SV Wacker Burghausen,Allemagne,Burghausen,GER
572,Burgos CF,Espagne,Burgos,ESP
573,Burton Albion FC,Angleterre,Burton upon Trent,ENG
574,Bury FC,Angleterre,Bury,ENG
575,Castel di Sangro Calcio,Italie,Castel di Sangro,ITA
576,FC Carl Zeiss Iéna,Allemagne,Iéna,GER
577,Cadiz FC,Espagne,Cadix,ESP
578,Cambridge United FC,Angleterre,Cambridge,ENG
579,SC Cambuur,Pays-Bas,Leeuwarden,NED
580,SC Campomaior,Portugal,Campo Maior,POR
581,SC Campomaiorense,Portugal,Campo Maior,POR
582,AS Cannes,France,Cannes,FRA
583,Canvey Island FC,Angleterre,Canvey Island,ENG
584,Cardiff,Angleterre,Cardiff,ENG
585,Carlisle United FC,Angleterre,Carlisle,ENG
586,Carrarese Calcio 1908,Italie,Carrare,ITA
587,FC Carthagène,Espagne,Carthagène,ESP
588,Casa Pia Atlético Clube,Portugal,Lisbonne,POR
589,CD Castellón,Espagne,Castellón de la Plana,ESP
590,Catane FC,Italie,Catane,ITA
591,US Catanzaro 1929,Italie,Catanzaro,ITA
592,Cercle Brugge KSV,Belgique,Bruges,BEL
593,Cesena FC,Italie,Cesena,ITA
594,Agrupación Deportiva Ceuta FC,Espagne,Ceuta,ESP
595,Royal Charleroi SC,Belgique,Charleroi,BEL
596,FC Olympique de Charleville-Mézières,France,Charleville-Mézières,FRA
597,Charlton Athletic FC,Angleterre,Londres,ENG
598,Grupo Desportivo de Chaves,Portugal,Chaves,POR
599,Cheltenham Town FC,Angleterre,Cheltenham,ENG
600,Chemnitzer FC,Allemagne,Chemnitz,GER
601,Chester FC,Angleterre,Chester,ENG
602,Chesterfield FC,Angleterre,Chesterfield,ENG
603,Chorley FC,Angleterre,Chorley,ENG
604,AS Cittadella,Italie,Cittadella,ITA
605,CF Ciudad de Murcia,Espagne,Murcie,ESP
606,Colchester United FC,Angleterre,Colchester,ENG
607,Como 1907,Italie,Côme,ITA
608,SD Compostela,Espagne,Saint-Jacques-de-Compostelle,ESP
609,Córdoba CF,Espagne,Cordoue,ESP
610,Cosenza Calcio,Italie,Cosenza,ITA
611,FC Energie Cottbus,Allemagne,Cottbus,GER
612,Coventry City FC,Angleterre,Coventry,ENG
613,Crawley Town FC,Angleterre,Crawley,ENG
614,US Cremonese,Italie,Crémone,ITA
615,Crewe Alexandra FC,Angleterre,Crewe,ENG
616,Cultural y Deportiva Leonesa,Espagne,León,ESP
617,Dagenham & Redbridge FC,Angleterre,Londres,ENG
618,Darlington FC 1883,Angleterre,Darlington,ENG
619,Dartford FC,Angleterre,Dartford,ENG
620,FC Den Bosch,Pays-Bas,Bois-le-Duc,NED
621,ADO Den Haag,Pays-Bas,La Haye,NED
622,FCV Dender EH,Belgique,Denderleeuw,BEL
623,Derby County FC,Angleterre,Derby,ENG
624,Doncaster Rovers FC,Angleterre,Doncaster,ENG
625,FC Dordrecht,Pays-Bas,Dordrecht,NED
626,Dorking Wanderers FC,Angleterre,Dorking,ENG
627,Dover Athletic FC,Angleterre,Douvres,ENG
628,SG Dynamo Dresden,Allemagne,Dresde,GER
629,Droylsden FC,Angleterre,Droylsden,ENG
630,MSV Duisbourg,Allemagne,Duisbourg,GER
631,Dundee United FC,Ecosse,Dundee,SCO
632,Dunfermline Athletic FC,Ecosse,Dunfermline,SCO
633,Fortuna Düsseldorf,Allemagne,Düsseldorf,GER
634,Eastbourne Borough FC,Angleterre,Eastbourne,ENG
635,Eastleigh FC,Angleterre,Eastleigh,ENG
636,Ebbsfleet United FC,Angleterre,Gravesend et Northfleet,ENG
637,Écija Balompié,Espagne,Écija,ESP
638,SV Eintracht Trier 05,Allemagne,Trèves,GER
639,Elche CF,Espagne,Elche,ESP
640,CD Eldense,Espagne,Elda,ESP
641,SV Elversberg,Allemagne,Spiesen-Elversberg,GER
642,FC Rot-Weiss Erfurt,Allemagne,Erfurt,GER
643,FC Erzgebirge Aue,Allemagne,Aue,GER
644,SC Espinho,Portugal,Espinho,POR
645,Rot-Weiss Essen,Allemagne,Essen,GER
646,CF Estrela da Amadora,Portugal,Amadora,POR
647,Grupo Desportivo Estoril-Praia,Portugal,Estoril,POR
648,KAS Eupen,Belgique,Eupen,BEL
649,Excelsior Rotterdam,Pays-Bas,Rotterdam,NED
650,Exeter City FC,Angleterre,Exeter,ENG
651,Extremadura Unión Deportiva,Espagne,Almendralejo,ESP
652,Fidelis Andria 2018,Italie,Andria,ITA
653,RWDM Brussels FC,Belgique,Bruxelles,BEL
654,FC Emmen,Pays-Bas,Emmen,NED
655,FSV Francfort,Allemagne,Francfort-sur-le-Main,GER
656,Falkirk FC,Ecosse,Falkirk,SCO
657,FC Famalicão,Portugal,Vila Nova de Famalicão,POR
658,SC Farense,Portugal,Faro,POR
659,Farsley Celtic AFC,Angleterre,Farsley,ENG
660,Clube Desportivo Feirense,Portugal,Feirense,POR
661,FC Felgueiras,Portugal,Porto,POR
662,Feralpisalò,Italie,Salò,ITA
663,Fermana FC,Italie,Fermo,ITA
664,RC Ferrol,Espagne,Ferrol,ESP
665,Fleetwood Town FC,Angleterre,Fleetwood,ENG
666,Calcio Foggia 1920,Italie,Foggia,ITA
667,Fortuna Sittard,Pays-Bas,Sittard-Geleen,NED
668,Forest Green Rovers FC,Angleterre,Nailsworth,ENG
669,CF Fuenlabrada,Espagne,Fuenlabrada,ESP
670,Fulham FC,Angleterre,Londres,ENG
671,AFC Fylde,Angleterre,Wesham,ENG
672,AS Dilettantistica Città di Gallipoli,Italie,Gallipoli,ITA
673,Gateshead FC,Angleterre,Gateshead,ENG
674,KFC Verbroedering Geel,Belgique,Geel,BEL
675,FC Germinal Ekeren,Belgique,Anvers,BEL
676,Gil Vicente FC,Portugal,Barcelos,POR
677,Gillingham FC,Angleterre,Gillingham,ENG
678,Gimnàstic de Tarragone,Espagne,Tarragone,ESP
679,Girona FC,Espagne,Gérone,ESP
680,De Graafschap,Pays-Bas,Doetinchem,NED
681,Granada 74 CF,Espagne,Grenade,ESP
682,Gravesend United FC,Angleterre,Gravesend,ENG
683,Grays Athletic FC,Angleterre,Grays,ENG
684,Gretna FC 2008,Ecosse,Gretna,SCO
685,SpVgg Greuther Fürth,Allemagne,Fürth,GER
686,Grimsby Town FC,Angleterre,Grimsby,ENG
687,US Grosseto 1912,Italie,Grosseto,ITA
688,Club Deportivo Guadalajara,Espagne,Guadalajara,ESP
689,AS Gubbio 1910,Italie,Gubbio,ITA
690,FC Gueugnonnais,France,Gueugnon,FRA
691,Vitória Sport Clube,Portugal,Guimarães,POR
692,Guiseley AFC,Angleterre,Guiseley,ENG
693,FC Gütersloh 2000,Allemagne,Gütersloh,GER
694,FC Halifax Town,Angleterre,Halifax,ENG
695,Hamilton Academical FC,Ecosse,Hamilton,SCO
696,FC Hansa Rostock,Allemagne,Rostock,GER
697,KRC Harelbeke,Belgique,Harelbeke,BEL
698,Harrogate Town AFC,Angleterre,Harrogate,ENG
699,Hartlepool United FC,Angleterre,Hartlepool,ENG
700,Havant & Waterlooville FC,Angleterre,Havant,ENG
701,Hayes & Yeading United FC,Angleterre,Hayes,ENG
702,Heart of Midlothian FC,Ecosse,Édimbourg,SCO
703,Sportclub Heerenveen,Pays-Bas,Heerenveen,NED
704,FC Heidenheim 1846,Allemagne,Heidenheim-sur-la-Brenz,GER
705,Heracles Almelo,Pays-Bas,Almelo,NED
706,Hércules de Alicante CF,Espagne,Alicante,ESP
707,Hereford FC,Angleterre,Hereford,ENG
708,K Beringen Heusden-Zolder SK,Belgique,Heusden-Zolder,BEL
709,Hibernian FC,Ecosse,Édimbourg,SCO
710,Histon FC,Angleterre,Histon,ENG
711,Kieler SV Holstein,Allemagne,Kiel,GER
712,FC 08 Hombourg,Allemagne,Homburg,GER
713,Huddersfield Town AFC,Angleterre,Huddersfield,ENG
714,Sociedad Deportiva Huesca,Espagne,Huesca,ESP
716,Hyde FC,Angleterre,Hyde,ENG
717,Unión Deportiva Ibiza,Espagne,Ibiza,ESP
718,Inverness Caledonian Thistle FC,Ecosse,Inverness,SCO
719,Ipswich Town FC,Angleterre,Ipswich,ENG
720,Real Jaén CF,Espagne,Jaen,ESP
721,Società Sportiva Juve Stabia,Italie,Castellammare di Stabia,ITA
722,FC Kaiserslautern,Allemagne,Kaiserslautern,GER
723,Karlsruher SC,Allemagne,Karlsruhe,GER
724,Kettering Town Football Club,Angleterre,Burton Latimer,ENG
725,Kidderminster Harriers FC,Angleterre,Kidderminster,ENG
726,Kilmarnock FC,Ecosse,Kilmarnock,SCO
727,King's Lynn Town  FC,Angleterre,King’s Lynn,ENG
728,Tus Coblence,Allemagne,Coblence,GER
729,KV Courtrai,Belgique,Courtrai,BEL
730,Latina Calcio 1932,Italie,Latina,ITA
731,Leça Futebol Clube,Portugal,Leça da Palmeira,POR
732,US Lecce,Italie,Lecce,ITA
733,Calcio Lecco 1912,Italie,Lecco,ITA
734,Leeds United FC,Angleterre,Leeds,ENG
736,União Desportiva de Leiria,Portugal,Leiria,POR
737,Leixões Sport Club,Portugal,Matosinhos,POR
738,Club Lleida Esportiu,Espagne,Lérida,ESP
739,Lewes FC,Angleterre,Lewes,ENG
740,Leyton Orient FC,Angleterre,Londres,ENG
741,K Lierse SK,Belgique,Lierre,BEL
742,Lincoln City FC,Angleterre,Lincoln,ENG
743,Livingston FC,Ecosse,Livingston,SCO
744,US Livorno 1915,Italie,Livourne,ITA
745,UE Llagostera-Costa Brava SAD,Espagne,Llagostera,ESP
746,Unión Deportiva Logroñés,Espagne,Logroño,ESP
747,KSC Lokeren,Belgique,Lokeren,BEL
748,Lommel SK,Belgique,Lommel,BEL
749,CF Lorca Deportiva,Espagne,Lorca,ESP
751,VfB Lubeck,Allemagne,Lübeck,GER
752,Lucchese 1905,Italie,Lucques,ITA
753,Club Deportivo Lugo,Espagne,Lugo,ESP
754,Luton Town FC,Angleterre,Luton,ENG
755,MVV Maastricht,Allemagne,Maastricht,GER
756,Macclesfield FC,Angleterre,Macclesfield,ENG
757,Clube Desportivo Nacional,Portugal,Madère,POR
758,FC Magdebourg,Allemagne,Magdebourg,GER
759,Maidenhead United FC,Angleterre,Maidenhead,ENG
760,Maidstone United FC,Angleterre,Maidstone,ENG
761,Málaga CF B,Espagne,Malaga B,ESP
762,Real Club Deportivo Mallorca,Espagne,Palma,ESP
763,Real Club Deportivo Mallorca B,Espagne,Palma,ESP
764,SV Waldhof Mannheim,Allemagne,Mannheim,GER
765,Mansfield Town FC,Angleterre,Mansfield,ENG
766,Mantova 1911,Italie,Mantova,ITA
767,CS Maritimo,Portugal,Funchal,POR
768,Yellow Red KV Malines,Belgique,Malines,BEL
769,SV Meppen,Allemagne,Meppen,GER
770,Mérida AD,Espagne,Mérida,ESP
771,Associazioni Calcio Riunite Messina,Italie,Messina,ITA
772,Millwall FC,Angleterre,Londres,ENG
773,Milton Keynes Dons FC,Angleterre,Milton Keynes,ENG
774,Club Deportivo Mirandés,Espagne,Mirandés,ESP
775,Modena Football Club 2018,Italie,Modène,ITA
776,Associazione Calcio Monza,Italie,Monza,ITA
777,Morecambe FC,Angleterre,Morecambe,ENG
778,Moreirense FC,Portugal,Moreira de Cónegos,POR
779,Motherwell FC,Ecosse,Motherwell,SCO
780,Royal Excelsior Mouscron,Belgique,Mouscron,BEL
781,TSV 1860 Munich,Allemagne,Munich,GER
782,Real Murcia CF,Espagne,Murcie,ESP
783,NAC Breda,Pays-Bas,Breda,NED
784,Associação Naval 1º de Maio,Portugal,Figueira da Foz,POR
785,Newport County AFC,Angleterre,Newport County,ENG
786,NEC Nimègue,Pays-Bas,Nimègue,NED
787,ASD Nocerina 1910,Italie,Nocera Inferiore,ITA
788,North Ferriby FC,Angleterre,North Ferriby,ENG
789,Northampton Town FC,Angleterre,Northampton,ENG
790,Northwich Victoria FC,Angleterre,Northwich,ENG
791,Notts County FC,Angleterre,Nottingham,ENG
792,Novara Calcio,Italie,Novara,ITA
793,Club Deportivo Numancia,Espagne,Soria,ESP
794,Nuneaton Borough FC,Angleterre,Nuneaton Town,ENG
795,FC Nuremberg,Allemagne,Nuremberg,GER
796,SC Rot-Weiss Oberhausen,Allemagne,Oberhausen,GER
797,Kickers Offenbach,Allemagne,Offenbach,GER
798,VfB Oldenburg,Allemagne,Oldenburg,GER
799,Oldham Athletic AFC,Angleterre,Oldham,ENG
800,SC Olhanense,Portugal,Olhão,POR
801,KV Ostende,Belgique,Oostende,BEL
802,Clube Atlético Ouriense,Portugal,Ourém,POR
803,Club Atlético Osasuna,Espagne,Pampelune,ESP
804,VfL Osnabrück,Allemagne,Osnabrück,GER
805,Oud-Heverlee Louvain,Belgique,Louvain,BEL
806,Real Oviedo,Espagne,Oviedo,ESP
807,Oxford United FC,Angleterre,Oxford,ENG
808,Oxford City FC,Angleterre,Oxford City,ENG
809,FC Paços de Ferreira,Portugal,Paços de Ferreira,POR
810,SC Paderborn 07,Allemagne,Paderborn,GER
811,Calcio Padova,Italie,Padoue,ITA
812,Parma Calcio 1913,Italie,Parme,ITA
813,Partick Thistle FC,Ecosse,Glasgow,SCO
814,FC de Penafiel,Portugal,Penafiel,POR
815,Associazione Calcistica Perugia Calcio,Italie,Pérouse,ITA
816,Peterborough United FC,Angleterre,Peterborough,ENG
817,Piacenza Calcio 1919,Italie,Plaisance,ITA
818,Pisa SC,Italie,Pise,ITA
819,Pistoiese FC,Italie,Pistoia,ITA
820,Plymouth Argyle FC,Angleterre,Plymouth,ENG
821,Club Polideportivo El Ejido,Espagne,El Ejido,ESP
822,Sociedad Deportiva Ponferradina,Espagne,Ponferrada,ESP
823,Pontevedra CF,Espagne,Pontevedra,ESP
824,Pordenone FC,Italie,Pordenone,ITA
825,Port Vale FC,Angleterre,Port Vale,ENG
826,Portimonense SC,Portugal,Portimonense,POR
827,Portogruaro Calcio,Italie,Portogruaro,ITA
828,Portsmouth FC,Angleterre,Portsmouth,ENG
829,Preston North End FC,Angleterre,Preston,ENG
830,SC Preussen Munster,Allemagne,Münster,GER
831,FC Pro Vercelli 1892,Italie,Vercelli,ITA
832,Queens Park Rangers FC,Angleterre,Londres,ENG
833,RAAL La Louviere,Belgique,La Louvière,BEL
834,RWD Molenbeek,Belgique,Molenbeek-Saint-Jean,BEL
835,Raith Rovers FC,Ecosse,Kirkcaldy,SCO
836,Ravenna FC 1913,Italie,Ravenne,ITA
837,CF Rayo Majadahonda,Espagne,Majadahonda,ESP
838,Reading FC,Angleterre,Reading,ENG
839,Real Madrid CF B,Espagne,Madrid,ESP
840,Real Unión Club,Espagne,Irun,ESP
841,Recreativo de Huelva,Espagne,Huelva,ESP
842,SSV Jahn Ratisbonne,Allemagne,Ratisbonne,GER
843,AC Reggiana 1919,Italie,Reggio d'Émilie,ITA
844,AS Reggina 1914,Italie,Reggio de Calabre,ITA
845,CF Reus Deportiu,Espagne,Reus,ESP
846,SSV Reutlingen 05,Allemagne,Reutlingen,GER
847,Rimini FC,Italie,Rimini,ITA
848,Rio Ave FC,Portugal,Vila do Conde,POR
849,Rochdale AFC,Angleterre,Rochdale,ENG
850,SV Roda JC Kerkrade,Pays-Bas,Kerkrade,NED
851,KSV Roulers,Belgique,Roulers,BEL
852,RBC Roosendaal,Pays-Bas,Rosendaël,NED
853,Ross County FC,Ecosse,Dingwall,SCO
854,Rotherham United FC,Angleterre,Rotherham,ENG
855,AFC Rushden & Diamonds,Angleterre,Rushden,ENG
856,FC Sarrebruck,Allemagne,Sarrebruck,GER
857,Centre d'Esports Sabadell FC,Espagne,Sabadell,ESP
858,Unionistas de Salamanca,Espagne,Salamanque,ESP
859,US Salernitana 1919,Italie,Salerne,ITA
860,Salford City FC,Angleterre,Salford,ENG
861,Sport Comércio e Salgueiros,Portugal,Porto,POR
862,Salisbury City FC,Angleterre,Salisbury,ENG
863,SV Sandhausen,Allemagne,Sandhausen,GER
864,CD Santa Clara,Portugal,Ponta Delgada,POR
865,Racing de Santander,Espagne,Santander,ESP
866,AC Savoia 1908,Italie,Torre Annunziata,ITA
867,Scarborough Athletic FC,Angleterre,Scarborough,ENG
868,FC Schweinfurt 05,Allemagne,Schweinfurt,GER
869,Scunthorpe United FC,Angleterre,Scunthorpe,ENG
870,Royal Football Club Seraing,Belgique,Seraing,BEL
871,Vitória FC,Portugal,Setúbal,POR
872,FC Séville B,Espagne,Sevilla B,ESP
873,Sheffield United FC,Angleterre,Sheffield,ENG
874,Sheffield Wednesday FC,Angleterre,Sheffield,ENG
875,Shrewsbury Town FC,Angleterre,Shrewsbury,ENG
876,Sportfreunde Siegen,Allemagne,Siegen,GER
877,Siena FC,Italie,Sienne,ITA
878,Real Sociedad de Fútbol B,Espagne,Sociedad B,ESP
879,Solihull Moors FC,Angleterre,Solihull,ENG
880,Southend United FC,Angleterre,Southend-on-Sea,ENG
881,Southport FC,Angleterre,Southport,ENG
882,Ars et Labor Ferrara,Italie,Ferrare,ITA
883,Sparta Rotterdam,Pays-Bas,Rotterdam,NED
884,Spezia Calcio,Italie,La Spezia,ITA
885,St Johnstone FC,Ecosse,Perth,SCO
886,St Mirren FC,Ecosse,Paisley,SCO
887,FC St Pauli,Allemagne,Hambourg,GER
888,K Saint-Trond VV,Belgique,Saint-Trond,BEL
889,St Albans City FC,Angleterre,St Albans,ENG
890,Stafford Rangers FC,Angleterre,Stafford,ENG
891,Stevenage FC,Angleterre,Stevenage,ENG
892,Stockport County FC,Angleterre,Stockport,ENG
893,SV Stuttgarter Kickers,Allemagne,Stuttgart,GER
894,Fußball Club Südtirol,Italie,Bolzano,ITA
895,Sutton United,Angleterre,Sutton,ENG
896,Swindon Town FC,Angleterre,Swindon,ENG
897,TB Berlin,Allemagne,Berlin,GER
898,Tamworth FC,Angleterre,Tamworth,ENG
899,SC Telstar,Pays-Bas,Velsen,NED
900,CD Tenerife,Espagne,Santa Cruz de Tenerife,ESP
901,Ternana Calcio,Italie,Terni,ITA
902,Terrassa FC,Espagne,Terrassa,ESP
903,FC Tirsense,Portugal,Santo Tirso,POR
904,CD Toledo,Espagne,Tolède,ESP
905,CD Tondela,Portugal,Tondela,POR
906,Torquay United FC,Angleterre,Torquay,ENG
907,Tranmere Rovers FC,Angleterre,Birkenhead,ENG
908,FC Trapani 1905,Italie,Trapani,ITA
909,Trévise FBC 1993,Italie,Trévise,ITA
910,US Triestina Calcio 1918,Italie,Trieste,ITA
911,CD Trofense,Portugal,Trofa,POR
912,Truro City FC,Angleterre,Truro,ENG
913,Royale Union Tubize-Braine,Belgique,Tubize,BEL
914,FC Twente,Pays-Bas,Enschede,NED
916,UCAM Murcia,Espagne,Murcie,ESP
917,KFC Uerdingen 05,Allemagne,Krefeld,GER
918,SSV Ulm 1846 Fußball,Allemagne,Ulm,GER
919,CF União,Portugal,Funchal,POR
920,FC Union Berlin,Allemagne,Berlin,GER
921,SpVgg Unterhaching,Allemagne,Unterhaching,GER
922,VVV Venlo,Pays-Bas,Venlo,NED
923,Olympique de Valence,France,Valence,FRA
924,Real Valladolid CF,Espagne,Valladolid,ESP
925,Vannes Olympique Club,France,Vannes,FRA
926,Varèse Calcio,Italie,Varèse,ITA
927,Varzim Sport Club,Portugal,Póvoa de Varzim,POR
928,UD Vecindario,Espagne,Vecindario,ESP
929,Venezia FC,Italie,Venise,ITA
930,LR Vicenza,Italie,Vicence,ITA
931,Villarreal CF B,Espagne,Villareal,ESP
932,Virtus Entella,Italie,Chiavari,ITA
933,ASD Lanciano Calcio 1920,Italie,Lanciano,ITA
934,Vitesse,Pays-Bas,Arnhem,NED
935,FC Vizela,Portugal,Vizela,POR
936,FC Volendam,Pays-Bas,Volendam,NED
937,RKC Waalwijk,Pays-Bas,Waalwijk,NED
938,Walsall FC,Angleterre,Walsall,ENG
939,SV Zulte Waregem,Belgique,Waregem,BEL
940,SG Wattenscheid 09,Allemagne,Bochum,GER
941,Wealdstone FC,Angleterre,Wealdstone,ENG
942,SV Wehen Wiesbaden,Allemagne,Wiesbaden,GER
943,Welling United FC,Angleterre,Welling,ENG
944,KVC Westerlo,Belgique,Westerlo,BEL
945,Weymouth FC,Angleterre,Weymouth,ENG
946,Wigan Athletic FC,Angleterre,Wigan,ENG
947,Willem II Tilburg,Pays-Bas,Tilbourg,NED
948,Woking FC,Angleterre,Woking,ENG
949,Wolverhampton Wanderers FC,Angleterre,Wolverhampton,ENG
950,Wrexham AFC,Angleterre,Wrexham,ENG
951,Wuppertaler SV,Allemagne,Wuppertal,GER
952,FC Wurzburger Kickers,Allemagne,Wurtzbourg,GER
953,Wycombe Wanderers FC,Angleterre,High Wycombe,ENG
954,Xerez Deportivo FC,Espagne,Jerez de la Frontera,ESP
955,Yeovil Town FC,Angleterre,Yeovil,ENG
956,York City FC,Angleterre,York,ENG
957,Real Saragosse,Espagne,Saragosse,ESP
958,FSV Zwickau,Allemagne,Zwickau,GER
959,PEC Zwolle,Pays-Bas,Zwolle,NED
1048,Blau Weiss 90 Berlin,Allemagne,Berlin,GER
1049,Fortuna Köln,Allemagne,Cologne,GER
1052,SC Tasmania 1900 Berlin,Allemagne,Berlin,GER
1053,VfB Borussia Neunkirchen,Allemagne,Neunkirchen,GER
1058,Dundee FC,Ecosse,Dundee,SCO
1060,Club Deportivo Leganés,Espagne,Leganés,ESP
1131,Aberdare Town FC,Angleterre,Aberaman,ENG
1132,Ashington AFC,Angleterre,Ashington,ENG
1133,Bootle FC,Angleterre,Bootle,ENG
1134,Bradford Park Avenue AFC,Angleterre,Bradford,ENG
1135,Burton Swifts FC,Angleterre,Burton upon Trent,ENG
1136,Burton Wanderers FC,Angleterre,Burton upon Trent,ENG
1137,Darwen FC,Angleterre,Darwen,ENG
1138,Durham City AFC,Angleterre,Durham,ENG
1139,Gainsborough Trinity FC,Angleterre,Gainsborough,ENG
1140,Glossop North End AFC,Angleterre,Glossop,ENG
1141,Loughborough FC,Angleterre,Loughborough,ENG
1142,Merthyr Town FC,Angleterre,Merthyr Tydfil,ENG
1143,Middlesbrough Ironopolis FC,Angleterre,Middlesbrough,ENG
1144,Nelson FC,Angleterre,Nelson,ENG
1145,New Brighton AFC,Angleterre,New Brighton,ENG
1146,New Brighton Tower FC,Angleterre,New Brighton,ENG
1147,Rotherham County FC,Angleterre,Rotherham,ENG
1148,Rotherham Town,Angleterre,Rotherham,ENG
1149,South Shields FC,Angleterre,South Shield,ENG
1150,Stalybridge Celtic FC,Angleterre,Stalybridge,ENG
1151,Thames AFC,Angleterre,Londres,ENG
1152,Wigan Borough FC,Angleterre,Wigan,ENG
1153,Workington AFC,Angleterre,Workington,ENG
1154,Arenas de Getxo,Espagne,Getxo,ESP
1155,Club Atlético de Tetuán,Espagne,Tétouan,ESP
1156,Club Deportivo Condal,Espagne,Barcelone,ESP
1157,CD Logroñés,Espagne,Logroño,ESP
1158,Club Esportiu Europa,Espagne,Barcelone,ESP
1159,Unió Esportiva Lleida,Espagne,Lérida,ESP
1160,AS Aix-en-Provence,France,Aix-en-Provence,FRA
1161,Angoulême Charente FC,France,Angoulême,FRA
1162,AS Troyes Sainte-Savine,France,Troyes,FRA
1163,AC avignonnais,France,Avignon,FRA
1164,CA Paris 14,France,Paris,FRA
1165,Excelsior Athlétic Club,France,Roubaix,FRA
1166,FC Antibes,France,Antibes,FRA
1167,RC de France,France,Paris,FRA
1168,Olympique Lillois,France,Lille,FRA
1169,SC Fives,France,Lille,FRA
1170,SC Nimes,France,Nîmes,FRA
1171,Stade Français,France,Paris,FRA
1172,ACR Messina,Italie,Messine,ITA
1173,AC Liguria,Italie,Bolzaneto,ITA
1174,AC Perugia Calcio,Italie,Pérouse,ITA
1175,SG Andrea Doria,Italie,Gênes,ITA
1176,FC Casale ASD,Italie,Casale Monferrato,ITA
1177,AC Legnano,Italie,Legnano,ITA
1178,Aurora Pro Patria 1919,Italie,Busto Arsizio,ITA
1179,SCG Sampierdarenese,Italie,Gênes,ITA
1180,ASV Blauw-Wit Amsterdam,Pays-Bas,Amsterdam,NED
1181,SC Veendam,Pays-Bas,Veendam,NED
1182,BVV,Pays-Bas,Bois-le-Duc,NED
1183,De Volewijckers,Pays-Bas,Amsterdam,NED
1184,VV DOS,Pays-Bas,Utrecht,NED
1185,DWS Amsterdam,Pays-Bas,Amsterdam,NED
1186,FC Amsterdam,Pays-Bas,Amsterdam,NED
1187,WVV Wageningue,Pays-Bas,Wageningue,NED
1188,XerxesDZB,Pays-Bas,Rotterdam,NED
1189,Helmond Sport,Pays-Bas,Helmond,NED
1190,HFC Haarlem,Pays-Bas,Haarlem,NED
1191,Holland Sport,Pays-Bas,Amsterdam,NED
1192,TSV NOAD,Pays-Bas,Tilburg,NED
1193,Rapid Juliana Combinatie,Pays-Bas,Kerkrade,NED
1194,FC Eindhoven,Pays-Bas,Eindhoven,NED
1195,SVV Scheveningen,Pays-Bas,Scheveningen,NED
1196,RKSV Sittardia,Pays-Bas,Sittard-Geleen,NED
1197,SC Enschede,Pays-Bas,Enschede,NED
1198,SVV Schiedam,Pays-Bas,Schiedam,NED
1199,USV Elinkwijk,Pays-Bas,Utrecht,NED
1200,VV Alkmaar '54,Pays-Bas,Alkmaar,NED
1201,RC Roubaix,France,Roubaix,FRA
1203,FC Bocholt,Allemagne,Bocholt,GER
1204,FC Mülheim-Styrum,Allemagne,Mülheim an der Ruhr,GER
1205,SV Arminia Hanovre,Allemagne,Hanovre,GER
1206,BSV 07 Schwenningen,Allemagne,Villingen-Schwenningen,GER
1207,BSG Stahl Brandebourg,Allemagne,Brandebourg-sur-la-Havel,GER
1208,Bonner SC,Allemagne,Bonn,GER
1209,DSC Wanne-Eickel,Allemagne,Wanne-Eickel,GER
1210,ESV Ingolstadt-Ringsee,Allemagne,Ingolstadt,GER
1211,SG Eintracht 02 Bad Kreuznach,Allemagne,Bad Kreuznach,GER
1212,SpVgg Bayern Hof,Allemagne,Hof,GER
1213,FC Hanau 93,Allemagne,Hanau,GER
1214,FC Remscheid,Allemagne,Remscheid,GER
1215,FK 03 Pirmasens,Allemagne,Pirmasens,GER
1216,FSV Salmrohr,Allemagne,Salmrohr,GER
1217,Würzburger FV,Allemagne,Würzburg,GER
1218,Fribourg FC,Allemagne,Fribourg,GER
1219,HSV Barmbek-Uhlenhorst,Allemagne,Hambourg,GER
1220,Hallescher FC,Allemagne,Halle,GER
1221,KSV Hessen Kassel,Allemagne,Cassel,GER
1222,KSV Baunatal,Allemagne,Baunatal,GER
1223,MTV Ingolstadt,Allemagne,Ingolstadt,GER
1224,OSC Bremerhaven,Allemagne,Bremerhaven,GER
1225,OSV Hanovre,Allemagne,Hanovre,GER
1226,TSR Olympia Wilhelmshaven,Allemagne,Wilhelmshaven,GER
1227,Rot-Weiss Lüdenscheid,Allemagne,Lüdenscheid,GER
1228,SCC Berlin,Allemagne,Berlin,GER
1229,SC Göttingen 05,Allemagne,Göttingen,GER
1230,SC Herford,Allemagne,Herford,GER
1231,FC Viktoria Cologne 1904,Allemagne,Cologne,GER
1232,FC Union Solingen,Allemagne,Solingen,GER
1233,SV Röchling Völklingen 06,Allemagne,Völklingen,GER
1234,Schwarz-Weiß Essen,Allemagne,Essen,GER
1235,SpVgg Bayreuth,Allemagne,Bayreuth,GER
1236,SpVgg Erkenschwick,Allemagne,Oer-Erkenschwick,GER
1237,Spandauer SV,Allemagne,Berlin,GER
1238,TSV Havelse,Allemagne,Garbsen,GER
1239,TuS Schloss-Neuhaus,Allemagne,Paderborn,GER
1240,VfB Eppingen,Allemagne,Eppingen,GER
1241,VfB Leipzig,Allemagne,Leipzig,GER
1242,VfR 1910 Bürstadt,Allemagne,Bürstadt,GER
1243,VfR Heilbronn,Allemagne,Heilbronn,GER
1244,VfR Mannheim,Allemagne,Mannheim,GER
1245,SV Viktoria Aschaffenbourg,Allemagne,Aschaffenbourg,GER
1246,Wacker 04 Berlin,Allemagne,Berlin,GER
1247,SC Westfalia Herne,Allemagne,Herne,GER
1248,VfR Wormatia 08 Worms,Allemagne,Worms,GER
